{
  "gravity": -25,
  "playerStart": {
    "x": 0.48000000000000004,
    "y": 7.5600000000000005
  },
  "objects": [
    {
      "type": "platform",
      "x": 0.6,
      "y": 6.22,
      "width": 3,
      "height": 0.5,
      "angle": 0
    }
  ]
}
