{
  "gravity": -25,
  "playerStart": {
    "x": 0.48000000000000004,
    "y": 10.02
  },
  "objects": [
    {
      "type": "platform",
      "x": 0.5399999999999999,
      "y": 9.16,
      "width": 3,
      "height": 0.5,
      "angle": 0
    }
  ]
}
